<?xml version="1.0" encoding="UTF-8" standalone="yes" ?>
<!DOCTYPE ApplicationSettings>
<ApplicationSettings>
	<FastScanByDefault value="1"/>
	<ScanWritableMemory value="1"/>
	<ScanExecutableMemory value="1"/>
	<ScanCopyOnWriteMemory value="0"/>
	<ScanMemPrivate value="1"/>
	<ScanMemImage value="1"/>
	<ScanMemMapped value="0"/>
	<ViewOffsetsInHexadecimal value="1"/>
	<EnableReadOnlyMode value="0"/>
	<LeaveUnbackedPagesAlone value="0"/>
	<OpenProcessRoutine value="0"/>
	<ReadMemoryRoutine value="0"/>
	<WriteMemoryRoutine value="0"/>
	<ProtectMemoryRoutine value="0"/>
	<AddressTableUpdateInterval value="500"/>
	<LibraryInjectionMethod value="0"/>
	<StackSnapshotLimit value="1024"/>
	<AttemptHideDebuggerFromPeb value="0"/>
	<CatchAllExceptions value="0"/>
	<InvadeProcess value="0"/>
	<SymbolPaths/>
	<EnableHotkeys value="0"/>
	<HotkeyList/>
	<DissectionUpdateInterval value="500"/>
	<DissectionHexView value="0"/>
	<DissectionEnableTypeGuessing value="1"/>
	<HideNonWow64Modules value="1"/>
	<SignatureMaskingByDefault value="1"/>
	<WarnForPackedProcess value="1"/>
	<ShowArchitectureInProcWindow value="0"/>
	<ResolveDisassemblyImportedFunctions value="1"/>
</ApplicationSettings>